"CLAA","000","030.pdf","CLAA033"
"CLAA","100","150.pdf","CLAA150"
"CLAA","100","150.pdf","CLAA153"


"CLAA","200","260.pdf","CLAA265"
"CLAA","200","260.pdf","CLAA266"
"CLAA","200","260.pdf","CLAA268"
"CLAA","200","260.pdf","CLAA269"

"CLAA","600","620.pdf","CLAA623"
"CLAA","600","620.pdf","CLAA624"

"IBDD","800","870.pdf","IBDD870"
"IBDD","800","870.pdf","IBDD871"
"IBDD","800","870.pdf","IBDD872"
"IBDD","800","870.pdf","IBDD873"
"IBDD","800","870.pdf","IBDD874"
"IBDD","800","870.pdf","IBDD875"
"IBDD","800","870.pdf","IBDD876"
"IBDD","800","870.pdf","IBDD877"
"IBDD","800","870.pdf","IBDD878"
"IBDD","800","870.pdf","IBDD879"

"IBDD","900","900.pdf","IBDD900"
"IBDD","900","900.pdf","IBDD901"
